state_name,avg_principle_cost,surgical_quality
California,1097181,31.2401
District of Columbia,16630,0.578
Florida,854244,20.2232
Georgia,1852784,7.6079
Illinois,1389450,6.6204
Kansas,774205,3.0284
Massachusetts,232123,2.1411
Michigan,1269577,4.9486
Nevada,161156,2.2824
New Jersey,360964,11.1371
New York,933963,7.3405
Texas,2677282,17.7086
Washington,591656,5.6037
